57,June 29, 2018, 09:42,F9 B4 ♺ B1045.2[326],CCAFSSLC-40,SpaceX CRS-15,"2,697 kg(5,946 lb)[327][c]",LEO (ISS),NASA (CRS),Success[328],No attempt  [162]
57,"Payload included MISSE-FF 2, ECOSTRESS, and a Latching End Effector. The refurbished booster featured a record 2.5 months period turnaround from its original launch of the TESS satellite — the fastest previous was 4.5 months. This was the last flight of a Block 4 booster, which was expended into the Atlantic without landing legs and grid fins.[329]","Payload included MISSE-FF 2, ECOSTRESS, and a Latching End Effector. The refurbished booster featured a record 2.5 months period turnaround from its original launch of the TESS satellite — the fastest previous was 4.5 months. This was the last flight of a Block 4 booster, which was expended into the Atlantic without landing legs and grid fins.[329]","Payload included MISSE-FF 2, ECOSTRESS, and a Latching End Effector. The refurbished booster featured a record 2.5 months period turnaround from its original launch of the TESS satellite — the fastest previous was 4.5 months. This was the last flight of a Block 4 booster, which was expended into the Atlantic without landing legs and grid fins.[329]","Payload included MISSE-FF 2, ECOSTRESS, and a Latching End Effector. The refurbished booster featured a record 2.5 months period turnaround from its original launch of the TESS satellite — the fastest previous was 4.5 months. This was the last flight of a Block 4 booster, which was expended into the Atlantic without landing legs and grid fins.[329]","Payload included MISSE-FF 2, ECOSTRESS, and a Latching End Effector. The refurbished booster featured a record 2.5 months period turnaround from its original launch of the TESS satellite — the fastest previous was 4.5 months. This was the last flight of a Block 4 booster, which was expended into the Atlantic without landing legs and grid fins.[329]","Payload included MISSE-FF 2, ECOSTRESS, and a Latching End Effector. The refurbished booster featured a record 2.5 months period turnaround from its original launch of the TESS satellite — the fastest previous was 4.5 months. This was the last flight of a Block 4 booster, which was expended into the Atlantic without landing legs and grid fins.[329]","Payload included MISSE-FF 2, ECOSTRESS, and a Latching End Effector. The refurbished booster featured a record 2.5 months period turnaround from its original launch of the TESS satellite — the fastest previous was 4.5 months. This was the last flight of a Block 4 booster, which was expended into the Atlantic without landing legs and grid fins.[329]","Payload included MISSE-FF 2, ECOSTRESS, and a Latching End Effector. The refurbished booster featured a record 2.5 months period turnaround from its original launch of the TESS satellite — the fastest previous was 4.5 months. This was the last flight of a Block 4 booster, which was expended into the Atlantic without landing legs and grid fins.[329]","Payload included MISSE-FF 2, ECOSTRESS, and a Latching End Effector. The refurbished booster featured a record 2.5 months period turnaround from its original launch of the TESS satellite — the fastest previous was 4.5 months. This was the last flight of a Block 4 booster, which was expended into the Atlantic without landing legs and grid fins.[329]"
58,July 22, 2018,  05:50,F9 B5  B1047.1,CCAFSSLC-40,Telstar 19V[331],"7,075 kg(15,598 lb)[332]",GTO[333],Telesat,Success[334],Success[334]   (drone ship)
58,"SSL-manufactured communications satellite intended to be placed at 63° West over the Americas,[335] replacing Telstar 14R.[333] At 7,075 kg, it became the heaviest commercial communications satellite ever launched.[336][337] This necessitated that the satellite be launched into a lower-energy orbit than a usual GTO, with its initial apogee at roughly 17,900 km.[333]","SSL-manufactured communications satellite intended to be placed at 63° West over the Americas,[335] replacing Telstar 14R.[333] At 7,075 kg, it became the heaviest commercial communications satellite ever launched.[336][337] This necessitated that the satellite be launched into a lower-energy orbit than a usual GTO, with its initial apogee at roughly 17,900 km.[333]","SSL-manufactured communications satellite intended to be placed at 63° West over the Americas,[335] replacing Telstar 14R.[333] At 7,075 kg, it became the heaviest commercial communications satellite ever launched.[336][337] This necessitated that the satellite be launched into a lower-energy orbit than a usual GTO, with its initial apogee at roughly 17,900 km.[333]","SSL-manufactured communications satellite intended to be placed at 63° West over the Americas,[335] replacing Telstar 14R.[333] At 7,075 kg, it became the heaviest commercial communications satellite ever launched.[336][337] This necessitated that the satellite be launched into a lower-energy orbit than a usual GTO, with its initial apogee at roughly 17,900 km.[333]","SSL-manufactured communications satellite intended to be placed at 63° West over the Americas,[335] replacing Telstar 14R.[333] At 7,075 kg, it became the heaviest commercial communications satellite ever launched.[336][337] This necessitated that the satellite be launched into a lower-energy orbit than a usual GTO, with its initial apogee at roughly 17,900 km.[333]","SSL-manufactured communications satellite intended to be placed at 63° West over the Americas,[335] replacing Telstar 14R.[333] At 7,075 kg, it became the heaviest commercial communications satellite ever launched.[336][337] This necessitated that the satellite be launched into a lower-energy orbit than a usual GTO, with its initial apogee at roughly 17,900 km.[333]","SSL-manufactured communications satellite intended to be placed at 63° West over the Americas,[335] replacing Telstar 14R.[333] At 7,075 kg, it became the heaviest commercial communications satellite ever launched.[336][337] This necessitated that the satellite be launched into a lower-energy orbit than a usual GTO, with its initial apogee at roughly 17,900 km.[333]","SSL-manufactured communications satellite intended to be placed at 63° West over the Americas,[335] replacing Telstar 14R.[333] At 7,075 kg, it became the heaviest commercial communications satellite ever launched.[336][337] This necessitated that the satellite be launched into a lower-energy orbit than a usual GTO, with its initial apogee at roughly 17,900 km.[333]","SSL-manufactured communications satellite intended to be placed at 63° West over the Americas,[335] replacing Telstar 14R.[333] At 7,075 kg, it became the heaviest commercial communications satellite ever launched.[336][337] This necessitated that the satellite be launched into a lower-energy orbit than a usual GTO, with its initial apogee at roughly 17,900 km.[333]"
59,July 25, 2018,11:39,F9 B5[339]B1048.1[340],VAFBSLC-4E,Iridium NEXT-7  (10 satellites)[149],"9,600 kg(21,200 lb)",Polar LEO,Iridium Communications,Success[341],Success[342]  (drone ship)
59,"Seventh Iridium NEXT launch, with 10 communication satellites.[341] The booster landed safely on the drone ship in the worst weather conditions for any landing yet attempted.[342][341] Mr. Steven boat with an upgraded 4x size net was used to attempt fairing recovery but failed due to harsh weather.[342][341]","Seventh Iridium NEXT launch, with 10 communication satellites.[341] The booster landed safely on the drone ship in the worst weather conditions for any landing yet attempted.[342][341] Mr. Steven boat with an upgraded 4x size net was used to attempt fairing recovery but failed due to harsh weather.[342][341]","Seventh Iridium NEXT launch, with 10 communication satellites.[341] The booster landed safely on the drone ship in the worst weather conditions for any landing yet attempted.[342][341] Mr. Steven boat with an upgraded 4x size net was used to attempt fairing recovery but failed due to harsh weather.[342][341]","Seventh Iridium NEXT launch, with 10 communication satellites.[341] The booster landed safely on the drone ship in the worst weather conditions for any landing yet attempted.[342][341] Mr. Steven boat with an upgraded 4x size net was used to attempt fairing recovery but failed due to harsh weather.[342][341]","Seventh Iridium NEXT launch, with 10 communication satellites.[341] The booster landed safely on the drone ship in the worst weather conditions for any landing yet attempted.[342][341] Mr. Steven boat with an upgraded 4x size net was used to attempt fairing recovery but failed due to harsh weather.[342][341]","Seventh Iridium NEXT launch, with 10 communication satellites.[341] The booster landed safely on the drone ship in the worst weather conditions for any landing yet attempted.[342][341] Mr. Steven boat with an upgraded 4x size net was used to attempt fairing recovery but failed due to harsh weather.[342][341]","Seventh Iridium NEXT launch, with 10 communication satellites.[341] The booster landed safely on the drone ship in the worst weather conditions for any landing yet attempted.[342][341] Mr. Steven boat with an upgraded 4x size net was used to attempt fairing recovery but failed due to harsh weather.[342][341]","Seventh Iridium NEXT launch, with 10 communication satellites.[341] The booster landed safely on the drone ship in the worst weather conditions for any landing yet attempted.[342][341] Mr. Steven boat with an upgraded 4x size net was used to attempt fairing recovery but failed due to harsh weather.[342][341]","Seventh Iridium NEXT launch, with 10 communication satellites.[341] The booster landed safely on the drone ship in the worst weather conditions for any landing yet attempted.[342][341] Mr. Steven boat with an upgraded 4x size net was used to attempt fairing recovery but failed due to harsh weather.[342][341]"
60,August 7, 2018,05:18,F9 B5 ♺ B1046.2[344],CCAFSSLC-40,Merah Putih (formerly Telkom 4)[345][346],"5,800 kg(12,800 lb)[347]",GTO,Telkom Indonesia,Success[348],Success[348]  (drone ship)
60,Indonesian comsat intended to replace the aging Telkom 1 at 108° E.[349] First reflight of a Block 5-version booster.[350],Indonesian comsat intended to replace the aging Telkom 1 at 108° E.[349] First reflight of a Block 5-version booster.[350],Indonesian comsat intended to replace the aging Telkom 1 at 108° E.[349] First reflight of a Block 5-version booster.[350],Indonesian comsat intended to replace the aging Telkom 1 at 108° E.[349] First reflight of a Block 5-version booster.[350],Indonesian comsat intended to replace the aging Telkom 1 at 108° E.[349] First reflight of a Block 5-version booster.[350],Indonesian comsat intended to replace the aging Telkom 1 at 108° E.[349] First reflight of a Block 5-version booster.[350],Indonesian comsat intended to replace the aging Telkom 1 at 108° E.[349] First reflight of a Block 5-version booster.[350],Indonesian comsat intended to replace the aging Telkom 1 at 108° E.[349] First reflight of a Block 5-version booster.[350],Indonesian comsat intended to replace the aging Telkom 1 at 108° E.[349] First reflight of a Block 5-version booster.[350]
61,September 10, 2018,04:45,F9 B5  B1049.1[259],CCAFSSLC-40,Telstar 18V / Apstar-5C[331],"7,060 kg(15,560 lb)[351]",GTO[351],Telesat,Success[351],Success[351]  (drone ship)
61,"Condosat for 138° East over Asia and Pacific.[352] Delivered to a GTO orbit with apogee close to 18,000 km.[351]","Condosat for 138° East over Asia and Pacific.[352] Delivered to a GTO orbit with apogee close to 18,000 km.[351]","Condosat for 138° East over Asia and Pacific.[352] Delivered to a GTO orbit with apogee close to 18,000 km.[351]","Condosat for 138° East over Asia and Pacific.[352] Delivered to a GTO orbit with apogee close to 18,000 km.[351]","Condosat for 138° East over Asia and Pacific.[352] Delivered to a GTO orbit with apogee close to 18,000 km.[351]","Condosat for 138° East over Asia and Pacific.[352] Delivered to a GTO orbit with apogee close to 18,000 km.[351]","Condosat for 138° East over Asia and Pacific.[352] Delivered to a GTO orbit with apogee close to 18,000 km.[351]","Condosat for 138° East over Asia and Pacific.[352] Delivered to a GTO orbit with apogee close to 18,000 km.[351]","Condosat for 138° East over Asia and Pacific.[352] Delivered to a GTO orbit with apogee close to 18,000 km.[351]"
62,October 8, 2018,02:22,F9 B5 ♺  B1048.2[354],VAFBSLC-4E,SAOCOM 1A[355][356],"3,000 kg(6,600 lb)[353]",SSO,CONAE,Success[353],Success[353]  (ground pad)
62,Argentinian Earth-observation satellite was originally intended to be launched in 2012.[357] First landing on the West Coast ground pad.[353],Argentinian Earth-observation satellite was originally intended to be launched in 2012.[357] First landing on the West Coast ground pad.[353],Argentinian Earth-observation satellite was originally intended to be launched in 2012.[357] First landing on the West Coast ground pad.[353],Argentinian Earth-observation satellite was originally intended to be launched in 2012.[357] First landing on the West Coast ground pad.[353],Argentinian Earth-observation satellite was originally intended to be launched in 2012.[357] First landing on the West Coast ground pad.[353],Argentinian Earth-observation satellite was originally intended to be launched in 2012.[357] First landing on the West Coast ground pad.[353],Argentinian Earth-observation satellite was originally intended to be launched in 2012.[357] First landing on the West Coast ground pad.[353],Argentinian Earth-observation satellite was originally intended to be launched in 2012.[357] First landing on the West Coast ground pad.[353],Argentinian Earth-observation satellite was originally intended to be launched in 2012.[357] First landing on the West Coast ground pad.[353]
63,November 15, 2018,20:46",F9 B5 ♺  B1047.2[259],KSCLC-39A,Es'hail 2[359],"5,300 kg(11,700 lb)[360]",GTO,Es'hailSat,Success[361],Success[361]  (drone ship)
63,"Qatari comsat positioned at 26° E.[359] This launch used redesigned COPVs. This was to meet NASA safety requirements for commercial crew missions, in response to the September 2016 pad explosion.[362]","Qatari comsat positioned at 26° E.[359] This launch used redesigned COPVs. This was to meet NASA safety requirements for commercial crew missions, in response to the September 2016 pad explosion.[362]","Qatari comsat positioned at 26° E.[359] This launch used redesigned COPVs. This was to meet NASA safety requirements for commercial crew missions, in response to the September 2016 pad explosion.[362]","Qatari comsat positioned at 26° E.[359] This launch used redesigned COPVs. This was to meet NASA safety requirements for commercial crew missions, in response to the September 2016 pad explosion.[362]","Qatari comsat positioned at 26° E.[359] This launch used redesigned COPVs. This was to meet NASA safety requirements for commercial crew missions, in response to the September 2016 pad explosion.[362]","Qatari comsat positioned at 26° E.[359] This launch used redesigned COPVs. This was to meet NASA safety requirements for commercial crew missions, in response to the September 2016 pad explosion.[362]","Qatari comsat positioned at 26° E.[359] This launch used redesigned COPVs. This was to meet NASA safety requirements for commercial crew missions, in response to the September 2016 pad explosion.[362]","Qatari comsat positioned at 26° E.[359] This launch used redesigned COPVs. This was to meet NASA safety requirements for commercial crew missions, in response to the September 2016 pad explosion.[362]","Qatari comsat positioned at 26° E.[359] This launch used redesigned COPVs. This was to meet NASA safety requirements for commercial crew missions, in response to the September 2016 pad explosion.[362]"
64,December 3, 2018,18:34:05,F9 B5 ♺  B1046.3[259],VAFBSLC-4E,SSO-A (SmallSat Express),"~4,000 kg(8,800 lb)[363]",SSO,Spaceflight Industries,Success[364],Success[364] (drone ship)
64,"Rideshare mission[365] where two SHERPA dispensers deployed 64 small satellites,[366][367] including Eu:CROPIS[368] for the German DLR, HIBER-2 for the Dutch Hiber Global,[369] ITASAT-1 for the Brazilian Instituto Tecnológico de Aeronáutica,[370] two high-resolution SkySat imaging satellites for Planet Labs,[371] and two high school CubeSats part of  NASA's ELaNa 24.[372] Kazakhstan decided to use Falcon 9 to launch their 2 satellites, even with the Baikonur Cosmodrome space launch facility within its own borders. This was the first time a booster was used for a third flight.","Rideshare mission[365] where two SHERPA dispensers deployed 64 small satellites,[366][367] including Eu:CROPIS[368] for the German DLR, HIBER-2 for the Dutch Hiber Global,[369] ITASAT-1 for the Brazilian Instituto Tecnológico de Aeronáutica,[370] two high-resolution SkySat imaging satellites for Planet Labs,[371] and two high school CubeSats part of  NASA's ELaNa 24.[372] Kazakhstan decided to use Falcon 9 to launch their 2 satellites, even with the Baikonur Cosmodrome space launch facility within its own borders. This was the first time a booster was used for a third flight.","Rideshare mission[365] where two SHERPA dispensers deployed 64 small satellites,[366][367] including Eu:CROPIS[368] for the German DLR, HIBER-2 for the Dutch Hiber Global,[369] ITASAT-1 for the Brazilian Instituto Tecnológico de Aeronáutica,[370] two high-resolution SkySat imaging satellites for Planet Labs,[371] and two high school CubeSats part of  NASA's ELaNa 24.[372] Kazakhstan decided to use Falcon 9 to launch their 2 satellites, even with the Baikonur Cosmodrome space launch facility within its own borders. This was the first time a booster was used for a third flight.","Rideshare mission[365] where two SHERPA dispensers deployed 64 small satellites,[366][367] including Eu:CROPIS[368] for the German DLR, HIBER-2 for the Dutch Hiber Global,[369] ITASAT-1 for the Brazilian Instituto Tecnológico de Aeronáutica,[370] two high-resolution SkySat imaging satellites for Planet Labs,[371] and two high school CubeSats part of  NASA's ELaNa 24.[372] Kazakhstan decided to use Falcon 9 to launch their 2 satellites, even with the Baikonur Cosmodrome space launch facility within its own borders. This was the first time a booster was used for a third flight.","Rideshare mission[365] where two SHERPA dispensers deployed 64 small satellites,[366][367] including Eu:CROPIS[368] for the German DLR, HIBER-2 for the Dutch Hiber Global,[369] ITASAT-1 for the Brazilian Instituto Tecnológico de Aeronáutica,[370] two high-resolution SkySat imaging satellites for Planet Labs,[371] and two high school CubeSats part of  NASA's ELaNa 24.[372] Kazakhstan decided to use Falcon 9 to launch their 2 satellites, even with the Baikonur Cosmodrome space launch facility within its own borders. This was the first time a booster was used for a third flight.","Rideshare mission[365] where two SHERPA dispensers deployed 64 small satellites,[366][367] including Eu:CROPIS[368] for the German DLR, HIBER-2 for the Dutch Hiber Global,[369] ITASAT-1 for the Brazilian Instituto Tecnológico de Aeronáutica,[370] two high-resolution SkySat imaging satellites for Planet Labs,[371] and two high school CubeSats part of  NASA's ELaNa 24.[372] Kazakhstan decided to use Falcon 9 to launch their 2 satellites, even with the Baikonur Cosmodrome space launch facility within its own borders. This was the first time a booster was used for a third flight.","Rideshare mission[365] where two SHERPA dispensers deployed 64 small satellites,[366][367] including Eu:CROPIS[368] for the German DLR, HIBER-2 for the Dutch Hiber Global,[369] ITASAT-1 for the Brazilian Instituto Tecnológico de Aeronáutica,[370] two high-resolution SkySat imaging satellites for Planet Labs,[371] and two high school CubeSats part of  NASA's ELaNa 24.[372] Kazakhstan decided to use Falcon 9 to launch their 2 satellites, even with the Baikonur Cosmodrome space launch facility within its own borders. This was the first time a booster was used for a third flight.","Rideshare mission[365] where two SHERPA dispensers deployed 64 small satellites,[366][367] including Eu:CROPIS[368] for the German DLR, HIBER-2 for the Dutch Hiber Global,[369] ITASAT-1 for the Brazilian Instituto Tecnológico de Aeronáutica,[370] two high-resolution SkySat imaging satellites for Planet Labs,[371] and two high school CubeSats part of  NASA's ELaNa 24.[372] Kazakhstan decided to use Falcon 9 to launch their 2 satellites, even with the Baikonur Cosmodrome space launch facility within its own borders. This was the first time a booster was used for a third flight.","Rideshare mission[365] where two SHERPA dispensers deployed 64 small satellites,[366][367] including Eu:CROPIS[368] for the German DLR, HIBER-2 for the Dutch Hiber Global,[369] ITASAT-1 for the Brazilian Instituto Tecnológico de Aeronáutica,[370] two high-resolution SkySat imaging satellites for Planet Labs,[371] and two high school CubeSats part of  NASA's ELaNa 24.[372] Kazakhstan decided to use Falcon 9 to launch their 2 satellites, even with the Baikonur Cosmodrome space launch facility within its own borders. This was the first time a booster was used for a third flight."
65,December 5, 2018,18:16,F9 B5  B1050[259],CCAFSSLC-40,SpaceX CRS-16,"2,500 kg(5,600 lb)[373][c]",LEO (ISS),NASA (CRS),Success,Failure[374]  (ground pad)
65,"First CRS mission with the Falcon 9 Block 5. This carried the Global Ecosystem Dynamics Investigation lidar (GEDI) as an external payload.[375] The mission was delayed by one day due to moldy rodent food for one of the experiments on the Space Station. A previously flown Dragon spacecraft was used for the mission. The booster, in use for the first time, experienced a grid fin hydraulic pump stall on reentry, which caused it to spin out of control and touchdown at sea, heavily damaging the interstage section; this was the first failed landing attempt on a ground pad.[374][376]","First CRS mission with the Falcon 9 Block 5. This carried the Global Ecosystem Dynamics Investigation lidar (GEDI) as an external payload.[375] The mission was delayed by one day due to moldy rodent food for one of the experiments on the Space Station. A previously flown Dragon spacecraft was used for the mission. The booster, in use for the first time, experienced a grid fin hydraulic pump stall on reentry, which caused it to spin out of control and touchdown at sea, heavily damaging the interstage section; this was the first failed landing attempt on a ground pad.[374][376]","First CRS mission with the Falcon 9 Block 5. This carried the Global Ecosystem Dynamics Investigation lidar (GEDI) as an external payload.[375] The mission was delayed by one day due to moldy rodent food for one of the experiments on the Space Station. A previously flown Dragon spacecraft was used for the mission. The booster, in use for the first time, experienced a grid fin hydraulic pump stall on reentry, which caused it to spin out of control and touchdown at sea, heavily damaging the interstage section; this was the first failed landing attempt on a ground pad.[374][376]","First CRS mission with the Falcon 9 Block 5. This carried the Global Ecosystem Dynamics Investigation lidar (GEDI) as an external payload.[375] The mission was delayed by one day due to moldy rodent food for one of the experiments on the Space Station. A previously flown Dragon spacecraft was used for the mission. The booster, in use for the first time, experienced a grid fin hydraulic pump stall on reentry, which caused it to spin out of control and touchdown at sea, heavily damaging the interstage section; this was the first failed landing attempt on a ground pad.[374][376]","First CRS mission with the Falcon 9 Block 5. This carried the Global Ecosystem Dynamics Investigation lidar (GEDI) as an external payload.[375] The mission was delayed by one day due to moldy rodent food for one of the experiments on the Space Station. A previously flown Dragon spacecraft was used for the mission. The booster, in use for the first time, experienced a grid fin hydraulic pump stall on reentry, which caused it to spin out of control and touchdown at sea, heavily damaging the interstage section; this was the first failed landing attempt on a ground pad.[374][376]","First CRS mission with the Falcon 9 Block 5. This carried the Global Ecosystem Dynamics Investigation lidar (GEDI) as an external payload.[375] The mission was delayed by one day due to moldy rodent food for one of the experiments on the Space Station. A previously flown Dragon spacecraft was used for the mission. The booster, in use for the first time, experienced a grid fin hydraulic pump stall on reentry, which caused it to spin out of control and touchdown at sea, heavily damaging the interstage section; this was the first failed landing attempt on a ground pad.[374][376]","First CRS mission with the Falcon 9 Block 5. This carried the Global Ecosystem Dynamics Investigation lidar (GEDI) as an external payload.[375] The mission was delayed by one day due to moldy rodent food for one of the experiments on the Space Station. A previously flown Dragon spacecraft was used for the mission. The booster, in use for the first time, experienced a grid fin hydraulic pump stall on reentry, which caused it to spin out of control and touchdown at sea, heavily damaging the interstage section; this was the first failed landing attempt on a ground pad.[374][376]","First CRS mission with the Falcon 9 Block 5. This carried the Global Ecosystem Dynamics Investigation lidar (GEDI) as an external payload.[375] The mission was delayed by one day due to moldy rodent food for one of the experiments on the Space Station. A previously flown Dragon spacecraft was used for the mission. The booster, in use for the first time, experienced a grid fin hydraulic pump stall on reentry, which caused it to spin out of control and touchdown at sea, heavily damaging the interstage section; this was the first failed landing attempt on a ground pad.[374][376]","First CRS mission with the Falcon 9 Block 5. This carried the Global Ecosystem Dynamics Investigation lidar (GEDI) as an external payload.[375] The mission was delayed by one day due to moldy rodent food for one of the experiments on the Space Station. A previously flown Dragon spacecraft was used for the mission. The booster, in use for the first time, experienced a grid fin hydraulic pump stall on reentry, which caused it to spin out of control and touchdown at sea, heavily damaging the interstage section; this was the first failed landing attempt on a ground pad.[374][376]"
66,December 23, 2018,13:51",F9 B5 B1054[378],CCAFSSLC-40,GPS IIIA-01,"4,400 kg(9,700 lb)[379]",MEO,U.S. Air Force,Success [377],No attempt[377]
66,"Initially planned for a Delta IV launch,[380] this was SpaceX's first launch of an EELV-class payload.[381] There was no attempt to recover the first-stage booster for reuse [382][378] due to the customer's requirements, including a high inclination orbit of 55°.[383] When it becomes operational, the satellite will become SVN 74.[384]","Initially planned for a Delta IV launch,[380] this was SpaceX's first launch of an EELV-class payload.[381] There was no attempt to recover the first-stage booster for reuse [382][378] due to the customer's requirements, including a high inclination orbit of 55°.[383] When it becomes operational, the satellite will become SVN 74.[384]","Initially planned for a Delta IV launch,[380] this was SpaceX's first launch of an EELV-class payload.[381] There was no attempt to recover the first-stage booster for reuse [382][378] due to the customer's requirements, including a high inclination orbit of 55°.[383] When it becomes operational, the satellite will become SVN 74.[384]","Initially planned for a Delta IV launch,[380] this was SpaceX's first launch of an EELV-class payload.[381] There was no attempt to recover the first-stage booster for reuse [382][378] due to the customer's requirements, including a high inclination orbit of 55°.[383] When it becomes operational, the satellite will become SVN 74.[384]","Initially planned for a Delta IV launch,[380] this was SpaceX's first launch of an EELV-class payload.[381] There was no attempt to recover the first-stage booster for reuse [382][378] due to the customer's requirements, including a high inclination orbit of 55°.[383] When it becomes operational, the satellite will become SVN 74.[384]","Initially planned for a Delta IV launch,[380] this was SpaceX's first launch of an EELV-class payload.[381] There was no attempt to recover the first-stage booster for reuse [382][378] due to the customer's requirements, including a high inclination orbit of 55°.[383] When it becomes operational, the satellite will become SVN 74.[384]","Initially planned for a Delta IV launch,[380] this was SpaceX's first launch of an EELV-class payload.[381] There was no attempt to recover the first-stage booster for reuse [382][378] due to the customer's requirements, including a high inclination orbit of 55°.[383] When it becomes operational, the satellite will become SVN 74.[384]","Initially planned for a Delta IV launch,[380] this was SpaceX's first launch of an EELV-class payload.[381] There was no attempt to recover the first-stage booster for reuse [382][378] due to the customer's requirements, including a high inclination orbit of 55°.[383] When it becomes operational, the satellite will become SVN 74.[384]","Initially planned for a Delta IV launch,[380] this was SpaceX's first launch of an EELV-class payload.[381] There was no attempt to recover the first-stage booster for reuse [382][378] due to the customer's requirements, including a high inclination orbit of 55°.[383] When it becomes operational, the satellite will become SVN 74.[384]"
67,January 11, 2019  ,15:31,F9 B5 ♺  B1049.2[386],VAFBSLC-4E,Iridium NEXT-8  (10 satellites)[149],"9,600 kg(21,200 lb)",Polar LEO,Iridium Communications,Success,Success  (drone ship)
67,"Final launch of the Iridium NEXT contract, launching 10 satellites.","Final launch of the Iridium NEXT contract, launching 10 satellites.","Final launch of the Iridium NEXT contract, launching 10 satellites.","Final launch of the Iridium NEXT contract, launching 10 satellites.","Final launch of the Iridium NEXT contract, launching 10 satellites.","Final launch of the Iridium NEXT contract, launching 10 satellites.","Final launch of the Iridium NEXT contract, launching 10 satellites.","Final launch of the Iridium NEXT contract, launching 10 satellites.","Final launch of the Iridium NEXT contract, launching 10 satellites."
68,February 22, 2019,  01:45,F9 B5 ♺  B1048.3[388],CCAFSSLC-40,Nusantara Satu (PSN-6)[389] Beresheet Moon lander[390] S5[391],"4,850 kg(10,690 lb)[392]",GTO,PSN SpaceIL / IAI Air Force Research,Success,Success  (drone ship)
68,"Nusantara Satu is a private Indonesian comsat planned to be located at 146° E,[389] with a launch mass of 4100 kg,[392] and featuring electric propulsion for orbit-raising and station-keeping.[393][394] S5, a 60-kg smallsat by the Air Force Research Laboratory, was piggybacked on Nusantara Satu, and was deployed near its GEO position to perform a classified space situational awareness mission. This launch opportunity was brokered by Spaceflight Industries as ""GTO-1"".[391] The Beresheet Moon lander (initially called Sparrow) was one of the candidates for the Google Lunar X-Prize, whose developers SpaceIL had secured a launch contract with Spaceflight Industries in October 2015.[395] Its launch mass was 585 kg including fuel.[396] After separating into a supersynchronous transfer orbit[397] with an apogee of 69,400 km,[398][396] Beresheet raised its orbit by its own power over two months and flew to the Moon.[397][399] After successfully getting into lunar orbit, Beresheet attempted to land on the Moon on 11 April 2019 but failed.[400]","Nusantara Satu is a private Indonesian comsat planned to be located at 146° E,[389] with a launch mass of 4100 kg,[392] and featuring electric propulsion for orbit-raising and station-keeping.[393][394] S5, a 60-kg smallsat by the Air Force Research Laboratory, was piggybacked on Nusantara Satu, and was deployed near its GEO position to perform a classified space situational awareness mission. This launch opportunity was brokered by Spaceflight Industries as ""GTO-1"".[391] The Beresheet Moon lander (initially called Sparrow) was one of the candidates for the Google Lunar X-Prize, whose developers SpaceIL had secured a launch contract with Spaceflight Industries in October 2015.[395] Its launch mass was 585 kg including fuel.[396] After separating into a supersynchronous transfer orbit[397] with an apogee of 69,400 km,[398][396] Beresheet raised its orbit by its own power over two months and flew to the Moon.[397][399] After successfully getting into lunar orbit, Beresheet attempted to land on the Moon on 11 April 2019 but failed.[400]","Nusantara Satu is a private Indonesian comsat planned to be located at 146° E,[389] with a launch mass of 4100 kg,[392] and featuring electric propulsion for orbit-raising and station-keeping.[393][394] S5, a 60-kg smallsat by the Air Force Research Laboratory, was piggybacked on Nusantara Satu, and was deployed near its GEO position to perform a classified space situational awareness mission. This launch opportunity was brokered by Spaceflight Industries as ""GTO-1"".[391] The Beresheet Moon lander (initially called Sparrow) was one of the candidates for the Google Lunar X-Prize, whose developers SpaceIL had secured a launch contract with Spaceflight Industries in October 2015.[395] Its launch mass was 585 kg including fuel.[396] After separating into a supersynchronous transfer orbit[397] with an apogee of 69,400 km,[398][396] Beresheet raised its orbit by its own power over two months and flew to the Moon.[397][399] After successfully getting into lunar orbit, Beresheet attempted to land on the Moon on 11 April 2019 but failed.[400]","Nusantara Satu is a private Indonesian comsat planned to be located at 146° E,[389] with a launch mass of 4100 kg,[392] and featuring electric propulsion for orbit-raising and station-keeping.[393][394] S5, a 60-kg smallsat by the Air Force Research Laboratory, was piggybacked on Nusantara Satu, and was deployed near its GEO position to perform a classified space situational awareness mission. This launch opportunity was brokered by Spaceflight Industries as ""GTO-1"".[391] The Beresheet Moon lander (initially called Sparrow) was one of the candidates for the Google Lunar X-Prize, whose developers SpaceIL had secured a launch contract with Spaceflight Industries in October 2015.[395] Its launch mass was 585 kg including fuel.[396] After separating into a supersynchronous transfer orbit[397] with an apogee of 69,400 km,[398][396] Beresheet raised its orbit by its own power over two months and flew to the Moon.[397][399] After successfully getting into lunar orbit, Beresheet attempted to land on the Moon on 11 April 2019 but failed.[400]","Nusantara Satu is a private Indonesian comsat planned to be located at 146° E,[389] with a launch mass of 4100 kg,[392] and featuring electric propulsion for orbit-raising and station-keeping.[393][394] S5, a 60-kg smallsat by the Air Force Research Laboratory, was piggybacked on Nusantara Satu, and was deployed near its GEO position to perform a classified space situational awareness mission. This launch opportunity was brokered by Spaceflight Industries as ""GTO-1"".[391] The Beresheet Moon lander (initially called Sparrow) was one of the candidates for the Google Lunar X-Prize, whose developers SpaceIL had secured a launch contract with Spaceflight Industries in October 2015.[395] Its launch mass was 585 kg including fuel.[396] After separating into a supersynchronous transfer orbit[397] with an apogee of 69,400 km,[398][396] Beresheet raised its orbit by its own power over two months and flew to the Moon.[397][399] After successfully getting into lunar orbit, Beresheet attempted to land on the Moon on 11 April 2019 but failed.[400]","Nusantara Satu is a private Indonesian comsat planned to be located at 146° E,[389] with a launch mass of 4100 kg,[392] and featuring electric propulsion for orbit-raising and station-keeping.[393][394] S5, a 60-kg smallsat by the Air Force Research Laboratory, was piggybacked on Nusantara Satu, and was deployed near its GEO position to perform a classified space situational awareness mission. This launch opportunity was brokered by Spaceflight Industries as ""GTO-1"".[391] The Beresheet Moon lander (initially called Sparrow) was one of the candidates for the Google Lunar X-Prize, whose developers SpaceIL had secured a launch contract with Spaceflight Industries in October 2015.[395] Its launch mass was 585 kg including fuel.[396] After separating into a supersynchronous transfer orbit[397] with an apogee of 69,400 km,[398][396] Beresheet raised its orbit by its own power over two months and flew to the Moon.[397][399] After successfully getting into lunar orbit, Beresheet attempted to land on the Moon on 11 April 2019 but failed.[400]","Nusantara Satu is a private Indonesian comsat planned to be located at 146° E,[389] with a launch mass of 4100 kg,[392] and featuring electric propulsion for orbit-raising and station-keeping.[393][394] S5, a 60-kg smallsat by the Air Force Research Laboratory, was piggybacked on Nusantara Satu, and was deployed near its GEO position to perform a classified space situational awareness mission. This launch opportunity was brokered by Spaceflight Industries as ""GTO-1"".[391] The Beresheet Moon lander (initially called Sparrow) was one of the candidates for the Google Lunar X-Prize, whose developers SpaceIL had secured a launch contract with Spaceflight Industries in October 2015.[395] Its launch mass was 585 kg including fuel.[396] After separating into a supersynchronous transfer orbit[397] with an apogee of 69,400 km,[398][396] Beresheet raised its orbit by its own power over two months and flew to the Moon.[397][399] After successfully getting into lunar orbit, Beresheet attempted to land on the Moon on 11 April 2019 but failed.[400]","Nusantara Satu is a private Indonesian comsat planned to be located at 146° E,[389] with a launch mass of 4100 kg,[392] and featuring electric propulsion for orbit-raising and station-keeping.[393][394] S5, a 60-kg smallsat by the Air Force Research Laboratory, was piggybacked on Nusantara Satu, and was deployed near its GEO position to perform a classified space situational awareness mission. This launch opportunity was brokered by Spaceflight Industries as ""GTO-1"".[391] The Beresheet Moon lander (initially called Sparrow) was one of the candidates for the Google Lunar X-Prize, whose developers SpaceIL had secured a launch contract with Spaceflight Industries in October 2015.[395] Its launch mass was 585 kg including fuel.[396] After separating into a supersynchronous transfer orbit[397] with an apogee of 69,400 km,[398][396] Beresheet raised its orbit by its own power over two months and flew to the Moon.[397][399] After successfully getting into lunar orbit, Beresheet attempted to land on the Moon on 11 April 2019 but failed.[400]","Nusantara Satu is a private Indonesian comsat planned to be located at 146° E,[389] with a launch mass of 4100 kg,[392] and featuring electric propulsion for orbit-raising and station-keeping.[393][394] S5, a 60-kg smallsat by the Air Force Research Laboratory, was piggybacked on Nusantara Satu, and was deployed near its GEO position to perform a classified space situational awareness mission. This launch opportunity was brokered by Spaceflight Industries as ""GTO-1"".[391] The Beresheet Moon lander (initially called Sparrow) was one of the candidates for the Google Lunar X-Prize, whose developers SpaceIL had secured a launch contract with Spaceflight Industries in October 2015.[395] Its launch mass was 585 kg including fuel.[396] After separating into a supersynchronous transfer orbit[397] with an apogee of 69,400 km,[398][396] Beresheet raised its orbit by its own power over two months and flew to the Moon.[397][399] After successfully getting into lunar orbit, Beresheet attempted to land on the Moon on 11 April 2019 but failed.[400]"
69,March 2, 2019 , 07:49,F9 B5  B1051.1[259][402],KSCLC-39A,SpX-DM1[403],"12,055 kg(26,577 lb)[404][h]",LEO (ISS),NASA (CCD),Success,Success  (drone ship)
69,First flight of the SpaceX Crew Dragon. This was the first demonstration flight for the NASA Commercial Crew Program which awarded SpaceX a contract in September 2014 with flights hoped as early as 2015.[405] .The Dragon performed an autonomous docking to the ISS 27 hours after launch with the hatch being opened roughly 2 hours later.[406] The vehicle spent nearly a week docked to the ISS to test critical functions. It undocked roughly a week later on March 8 and splashed down six hours later at 13:45.[407] The Dragon used on this was scheduled to fly on the inflight abort test in mid-2019 but was destroyed during testing.[408] The booster B1051.1 replaced B1050[409] and flew again on June 12.,First flight of the SpaceX Crew Dragon. This was the first demonstration flight for the NASA Commercial Crew Program which awarded SpaceX a contract in September 2014 with flights hoped as early as 2015.[405] .The Dragon performed an autonomous docking to the ISS 27 hours after launch with the hatch being opened roughly 2 hours later.[406] The vehicle spent nearly a week docked to the ISS to test critical functions. It undocked roughly a week later on March 8 and splashed down six hours later at 13:45.[407] The Dragon used on this was scheduled to fly on the inflight abort test in mid-2019 but was destroyed during testing.[408] The booster B1051.1 replaced B1050[409] and flew again on June 12.,First flight of the SpaceX Crew Dragon. This was the first demonstration flight for the NASA Commercial Crew Program which awarded SpaceX a contract in September 2014 with flights hoped as early as 2015.[405] .The Dragon performed an autonomous docking to the ISS 27 hours after launch with the hatch being opened roughly 2 hours later.[406] The vehicle spent nearly a week docked to the ISS to test critical functions. It undocked roughly a week later on March 8 and splashed down six hours later at 13:45.[407] The Dragon used on this was scheduled to fly on the inflight abort test in mid-2019 but was destroyed during testing.[408] The booster B1051.1 replaced B1050[409] and flew again on June 12.,First flight of the SpaceX Crew Dragon. This was the first demonstration flight for the NASA Commercial Crew Program which awarded SpaceX a contract in September 2014 with flights hoped as early as 2015.[405] .The Dragon performed an autonomous docking to the ISS 27 hours after launch with the hatch being opened roughly 2 hours later.[406] The vehicle spent nearly a week docked to the ISS to test critical functions. It undocked roughly a week later on March 8 and splashed down six hours later at 13:45.[407] The Dragon used on this was scheduled to fly on the inflight abort test in mid-2019 but was destroyed during testing.[408] The booster B1051.1 replaced B1050[409] and flew again on June 12.,First flight of the SpaceX Crew Dragon. This was the first demonstration flight for the NASA Commercial Crew Program which awarded SpaceX a contract in September 2014 with flights hoped as early as 2015.[405] .The Dragon performed an autonomous docking to the ISS 27 hours after launch with the hatch being opened roughly 2 hours later.[406] The vehicle spent nearly a week docked to the ISS to test critical functions. It undocked roughly a week later on March 8 and splashed down six hours later at 13:45.[407] The Dragon used on this was scheduled to fly on the inflight abort test in mid-2019 but was destroyed during testing.[408] The booster B1051.1 replaced B1050[409] and flew again on June 12.,First flight of the SpaceX Crew Dragon. This was the first demonstration flight for the NASA Commercial Crew Program which awarded SpaceX a contract in September 2014 with flights hoped as early as 2015.[405] .The Dragon performed an autonomous docking to the ISS 27 hours after launch with the hatch being opened roughly 2 hours later.[406] The vehicle spent nearly a week docked to the ISS to test critical functions. It undocked roughly a week later on March 8 and splashed down six hours later at 13:45.[407] The Dragon used on this was scheduled to fly on the inflight abort test in mid-2019 but was destroyed during testing.[408] The booster B1051.1 replaced B1050[409] and flew again on June 12.,First flight of the SpaceX Crew Dragon. This was the first demonstration flight for the NASA Commercial Crew Program which awarded SpaceX a contract in September 2014 with flights hoped as early as 2015.[405] .The Dragon performed an autonomous docking to the ISS 27 hours after launch with the hatch being opened roughly 2 hours later.[406] The vehicle spent nearly a week docked to the ISS to test critical functions. It undocked roughly a week later on March 8 and splashed down six hours later at 13:45.[407] The Dragon used on this was scheduled to fly on the inflight abort test in mid-2019 but was destroyed during testing.[408] The booster B1051.1 replaced B1050[409] and flew again on June 12.,First flight of the SpaceX Crew Dragon. This was the first demonstration flight for the NASA Commercial Crew Program which awarded SpaceX a contract in September 2014 with flights hoped as early as 2015.[405] .The Dragon performed an autonomous docking to the ISS 27 hours after launch with the hatch being opened roughly 2 hours later.[406] The vehicle spent nearly a week docked to the ISS to test critical functions. It undocked roughly a week later on March 8 and splashed down six hours later at 13:45.[407] The Dragon used on this was scheduled to fly on the inflight abort test in mid-2019 but was destroyed during testing.[408] The booster B1051.1 replaced B1050[409] and flew again on June 12.,First flight of the SpaceX Crew Dragon. This was the first demonstration flight for the NASA Commercial Crew Program which awarded SpaceX a contract in September 2014 with flights hoped as early as 2015.[405] .The Dragon performed an autonomous docking to the ISS 27 hours after launch with the hatch being opened roughly 2 hours later.[406] The vehicle spent nearly a week docked to the ISS to test critical functions. It undocked roughly a week later on March 8 and splashed down six hours later at 13:45.[407] The Dragon used on this was scheduled to fly on the inflight abort test in mid-2019 but was destroyed during testing.[408] The booster B1051.1 replaced B1050[409] and flew again on June 12.
FH 2,April 11, 2019,22:35",Falcon Heavy  B1055 core[410],KSCLC-39A,Arabsat-6A[411],"6,465 kg(14,253 lb)[412]",GTO,Arabsat,Success,Success[i] (drone ship)
FH 2,"April 11, 2019,  22:35,B1052.1 (side),KSCLC-39A,Arabsat-6A[411],"6,465 kg(14,253 lb)[412]",GTO,Arabsat,Success,Success  (ground pad)
FH 2,April 11, 2019,  22:35,B1053.1 (side),KSCLC-39A,Arabsat-6A[411],"6,465 kg(14,253 lb)[412]",GTO,Arabsat,Success,Success  (ground pad)
FH 2,"Second flight of Falcon Heavy, the first commercial flight, and the first one using Block 5 boosters. SpaceX successfully landed the side boosters at Landing Zone 1 and LZ2 and reused the side boosters later for the STP-2 mission. The central core landed on drone ship Of Course I Still Love You, located 967 km downrange, the furthest sea landing ever attempted.[414][better source needed] Despite the successful landing, due to rough seas the central core was unable to be secured to the deck for recovery and later tipped overboard in transit.[415][416] SpaceX recovered the fairing from this launch and plans to reuse it for future Starlink launches.[417] Arabsat-6A, a 6,000 kg Saudi satellite, is the most advanced commercial communications satellite ever built by Lockheed Martin.[418]","Second flight of Falcon Heavy, the first commercial flight, and the first one using Block 5 boosters. SpaceX successfully landed the side boosters at Landing Zone 1 and LZ2 and reused the side boosters later for the STP-2 mission. The central core landed on drone ship Of Course I Still Love You, located 967 km downrange, the furthest sea landing ever attempted.[414][better source needed] Despite the successful landing, due to rough seas the central core was unable to be secured to the deck for recovery and later tipped overboard in transit.[415][416] SpaceX recovered the fairing from this launch and plans to reuse it for future Starlink launches.[417] Arabsat-6A, a 6,000 kg Saudi satellite, is the most advanced commercial communications satellite ever built by Lockheed Martin.[418]","Second flight of Falcon Heavy, the first commercial flight, and the first one using Block 5 boosters. SpaceX successfully landed the side boosters at Landing Zone 1 and LZ2 and reused the side boosters later for the STP-2 mission. The central core landed on drone ship Of Course I Still Love You, located 967 km downrange, the furthest sea landing ever attempted.[414][better source needed] Despite the successful landing, due to rough seas the central core was unable to be secured to the deck for recovery and later tipped overboard in transit.[415][416] SpaceX recovered the fairing from this launch and plans to reuse it for future Starlink launches.[417] Arabsat-6A, a 6,000 kg Saudi satellite, is the most advanced commercial communications satellite ever built by Lockheed Martin.[418]","Second flight of Falcon Heavy, the first commercial flight, and the first one using Block 5 boosters. SpaceX successfully landed the side boosters at Landing Zone 1 and LZ2 and reused the side boosters later for the STP-2 mission. The central core landed on drone ship Of Course I Still Love You, located 967 km downrange, the furthest sea landing ever attempted.[414][better source needed] Despite the successful landing, due to rough seas the central core was unable to be secured to the deck for recovery and later tipped overboard in transit.[415][416] SpaceX recovered the fairing from this launch and plans to reuse it for future Starlink launches.[417] Arabsat-6A, a 6,000 kg Saudi satellite, is the most advanced commercial communications satellite ever built by Lockheed Martin.[418]","Second flight of Falcon Heavy, the first commercial flight, and the first one using Block 5 boosters. SpaceX successfully landed the side boosters at Landing Zone 1 and LZ2 and reused the side boosters later for the STP-2 mission. The central core landed on drone ship Of Course I Still Love You, located 967 km downrange, the furthest sea landing ever attempted.[414][better source needed] Despite the successful landing, due to rough seas the central core was unable to be secured to the deck for recovery and later tipped overboard in transit.[415][416] SpaceX recovered the fairing from this launch and plans to reuse it for future Starlink launches.[417] Arabsat-6A, a 6,000 kg Saudi satellite, is the most advanced commercial communications satellite ever built by Lockheed Martin.[418]","Second flight of Falcon Heavy, the first commercial flight, and the first one using Block 5 boosters. SpaceX successfully landed the side boosters at Landing Zone 1 and LZ2 and reused the side boosters later for the STP-2 mission. The central core landed on drone ship Of Course I Still Love You, located 967 km downrange, the furthest sea landing ever attempted.[414][better source needed] Despite the successful landing, due to rough seas the central core was unable to be secured to the deck for recovery and later tipped overboard in transit.[415][416] SpaceX recovered the fairing from this launch and plans to reuse it for future Starlink launches.[417] Arabsat-6A, a 6,000 kg Saudi satellite, is the most advanced commercial communications satellite ever built by Lockheed Martin.[418]","Second flight of Falcon Heavy, the first commercial flight, and the first one using Block 5 boosters. SpaceX successfully landed the side boosters at Landing Zone 1 and LZ2 and reused the side boosters later for the STP-2 mission. The central core landed on drone ship Of Course I Still Love You, located 967 km downrange, the furthest sea landing ever attempted.[414][better source needed] Despite the successful landing, due to rough seas the central core was unable to be secured to the deck for recovery and later tipped overboard in transit.[415][416] SpaceX recovered the fairing from this launch and plans to reuse it for future Starlink launches.[417] Arabsat-6A, a 6,000 kg Saudi satellite, is the most advanced commercial communications satellite ever built by Lockheed Martin.[418]","Second flight of Falcon Heavy, the first commercial flight, and the first one using Block 5 boosters. SpaceX successfully landed the side boosters at Landing Zone 1 and LZ2 and reused the side boosters later for the STP-2 mission. The central core landed on drone ship Of Course I Still Love You, located 967 km downrange, the furthest sea landing ever attempted.[414][better source needed] Despite the successful landing, due to rough seas the central core was unable to be secured to the deck for recovery and later tipped overboard in transit.[415][416] SpaceX recovered the fairing from this launch and plans to reuse it for future Starlink launches.[417] Arabsat-6A, a 6,000 kg Saudi satellite, is the most advanced commercial communications satellite ever built by Lockheed Martin.[418]","Second flight of Falcon Heavy, the first commercial flight, and the first one using Block 5 boosters. SpaceX successfully landed the side boosters at Landing Zone 1 and LZ2 and reused the side boosters later for the STP-2 mission. The central core landed on drone ship Of Course I Still Love You, located 967 km downrange, the furthest sea landing ever attempted.[414][better source needed] Despite the successful landing, due to rough seas the central core was unable to be secured to the deck for recovery and later tipped overboard in transit.[415][416] SpaceX recovered the fairing from this launch and plans to reuse it for future Starlink launches.[417] Arabsat-6A, a 6,000 kg Saudi satellite, is the most advanced commercial communications satellite ever built by Lockheed Martin.[418]"
70,May 4, 2019,  06:48,F9 B5  B1056.1[409],CCAFSSLC-40,SpaceX CRS-17[139],"2,495 kg(5,501 lb)[419][c]",LEO (ISS),NASA,Success,Success  (drone ship)
70,"A Commercial Resupply Service mission to the International Space Station carrying nearly 2.5 tons of cargo including the Orbiting Carbon Observatory-3 as an external payload.[419] Originally planned to land at Landing Zone 1, the landing was moved to the drone ship after a Dragon 2 had an anomaly during testing at LZ-1.[420]","A Commercial Resupply Service mission to the International Space Station carrying nearly 2.5 tons of cargo including the Orbiting Carbon Observatory-3 as an external payload.[419] Originally planned to land at Landing Zone 1, the landing was moved to the drone ship after a Dragon 2 had an anomaly during testing at LZ-1.[420]","A Commercial Resupply Service mission to the International Space Station carrying nearly 2.5 tons of cargo including the Orbiting Carbon Observatory-3 as an external payload.[419] Originally planned to land at Landing Zone 1, the landing was moved to the drone ship after a Dragon 2 had an anomaly during testing at LZ-1.[420]","A Commercial Resupply Service mission to the International Space Station carrying nearly 2.5 tons of cargo including the Orbiting Carbon Observatory-3 as an external payload.[419] Originally planned to land at Landing Zone 1, the landing was moved to the drone ship after a Dragon 2 had an anomaly during testing at LZ-1.[420]","A Commercial Resupply Service mission to the International Space Station carrying nearly 2.5 tons of cargo including the Orbiting Carbon Observatory-3 as an external payload.[419] Originally planned to land at Landing Zone 1, the landing was moved to the drone ship after a Dragon 2 had an anomaly during testing at LZ-1.[420]","A Commercial Resupply Service mission to the International Space Station carrying nearly 2.5 tons of cargo including the Orbiting Carbon Observatory-3 as an external payload.[419] Originally planned to land at Landing Zone 1, the landing was moved to the drone ship after a Dragon 2 had an anomaly during testing at LZ-1.[420]","A Commercial Resupply Service mission to the International Space Station carrying nearly 2.5 tons of cargo including the Orbiting Carbon Observatory-3 as an external payload.[419] Originally planned to land at Landing Zone 1, the landing was moved to the drone ship after a Dragon 2 had an anomaly during testing at LZ-1.[420]","A Commercial Resupply Service mission to the International Space Station carrying nearly 2.5 tons of cargo including the Orbiting Carbon Observatory-3 as an external payload.[419] Originally planned to land at Landing Zone 1, the landing was moved to the drone ship after a Dragon 2 had an anomaly during testing at LZ-1.[420]","A Commercial Resupply Service mission to the International Space Station carrying nearly 2.5 tons of cargo including the Orbiting Carbon Observatory-3 as an external payload.[419] Originally planned to land at Landing Zone 1, the landing was moved to the drone ship after a Dragon 2 had an anomaly during testing at LZ-1.[420]"
71,May 24, 2019, 02:30,F9 B5 ♺ B1049.3[421],CCAFSSLC-40,Starlink v0.9 (60 satellites),"16,800 kg(37,000 lb)[5]",LEO,SpaceX,Success,Success  (drone ship)
71,"Second launch of test satellites for the Starlink constellation, said to be of ""production design"".[422][423][424] Each Starlink satellite has a dry mass of 227 kg,[425] and the combined launch mass was 16,800 kg including satellite fuel,[5] the heaviest payload launched by SpaceX so far.[426] The fairings were recovered.[427] These are the first commercial satellites to use krypton as fuel for their ion thrusters, which is cheaper than the usual xenon fuel.[428]","Second launch of test satellites for the Starlink constellation, said to be of ""production design"".[422][423][424] Each Starlink satellite has a dry mass of 227 kg,[425] and the combined launch mass was 16,800 kg including satellite fuel,[5] the heaviest payload launched by SpaceX so far.[426] The fairings were recovered.[427] These are the first commercial satellites to use krypton as fuel for their ion thrusters, which is cheaper than the usual xenon fuel.[428]","Second launch of test satellites for the Starlink constellation, said to be of ""production design"".[422][423][424] Each Starlink satellite has a dry mass of 227 kg,[425] and the combined launch mass was 16,800 kg including satellite fuel,[5] the heaviest payload launched by SpaceX so far.[426] The fairings were recovered.[427] These are the first commercial satellites to use krypton as fuel for their ion thrusters, which is cheaper than the usual xenon fuel.[428]","Second launch of test satellites for the Starlink constellation, said to be of ""production design"".[422][423][424] Each Starlink satellite has a dry mass of 227 kg,[425] and the combined launch mass was 16,800 kg including satellite fuel,[5] the heaviest payload launched by SpaceX so far.[426] The fairings were recovered.[427] These are the first commercial satellites to use krypton as fuel for their ion thrusters, which is cheaper than the usual xenon fuel.[428]","Second launch of test satellites for the Starlink constellation, said to be of ""production design"".[422][423][424] Each Starlink satellite has a dry mass of 227 kg,[425] and the combined launch mass was 16,800 kg including satellite fuel,[5] the heaviest payload launched by SpaceX so far.[426] The fairings were recovered.[427] These are the first commercial satellites to use krypton as fuel for their ion thrusters, which is cheaper than the usual xenon fuel.[428]","Second launch of test satellites for the Starlink constellation, said to be of ""production design"".[422][423][424] Each Starlink satellite has a dry mass of 227 kg,[425] and the combined launch mass was 16,800 kg including satellite fuel,[5] the heaviest payload launched by SpaceX so far.[426] The fairings were recovered.[427] These are the first commercial satellites to use krypton as fuel for their ion thrusters, which is cheaper than the usual xenon fuel.[428]","Second launch of test satellites for the Starlink constellation, said to be of ""production design"".[422][423][424] Each Starlink satellite has a dry mass of 227 kg,[425] and the combined launch mass was 16,800 kg including satellite fuel,[5] the heaviest payload launched by SpaceX so far.[426] The fairings were recovered.[427] These are the first commercial satellites to use krypton as fuel for their ion thrusters, which is cheaper than the usual xenon fuel.[428]","Second launch of test satellites for the Starlink constellation, said to be of ""production design"".[422][423][424] Each Starlink satellite has a dry mass of 227 kg,[425] and the combined launch mass was 16,800 kg including satellite fuel,[5] the heaviest payload launched by SpaceX so far.[426] The fairings were recovered.[427] These are the first commercial satellites to use krypton as fuel for their ion thrusters, which is cheaper than the usual xenon fuel.[428]","Second launch of test satellites for the Starlink constellation, said to be of ""production design"".[422][423][424] Each Starlink satellite has a dry mass of 227 kg,[425] and the combined launch mass was 16,800 kg including satellite fuel,[5] the heaviest payload launched by SpaceX so far.[426] The fairings were recovered.[427] These are the first commercial satellites to use krypton as fuel for their ion thrusters, which is cheaper than the usual xenon fuel.[428]"
72,June 12, 2019,14:17,F9 B5 ♺  B1051.2[409],VAFBSLC-4E,RADARSAT Constellation (3 satellites),"4,200 kg(9,300 lb) [429]",SSO,Canadian Space Agency,Success,Success  (ground pad)
72,"A trio of satellites built for Canada's RADARSAT program which plans to replace the ageing RADARSAT-1 and 2. The new satellites contain Automated Identification System (AIS) for locating ships.[429] The mission was originally scheduled to lift off in February but due to the landing failure of booster B1050, this flight was switched to B1051 (used on SpX-DM1) and delayed to allow refurbishment and transport to the West coast.[409] The booster landed safely through fog.[430] A payload cost of roughly $1 billion making this SpaceX's most expensive payload launched.[431]","A trio of satellites built for Canada's RADARSAT program which plans to replace the ageing RADARSAT-1 and 2. The new satellites contain Automated Identification System (AIS) for locating ships.[429] The mission was originally scheduled to lift off in February but due to the landing failure of booster B1050, this flight was switched to B1051 (used on SpX-DM1) and delayed to allow refurbishment and transport to the West coast.[409] The booster landed safely through fog.[430] A payload cost of roughly $1 billion making this SpaceX's most expensive payload launched.[431]","A trio of satellites built for Canada's RADARSAT program which plans to replace the ageing RADARSAT-1 and 2. The new satellites contain Automated Identification System (AIS) for locating ships.[429] The mission was originally scheduled to lift off in February but due to the landing failure of booster B1050, this flight was switched to B1051 (used on SpX-DM1) and delayed to allow refurbishment and transport to the West coast.[409] The booster landed safely through fog.[430] A payload cost of roughly $1 billion making this SpaceX's most expensive payload launched.[431]","A trio of satellites built for Canada's RADARSAT program which plans to replace the ageing RADARSAT-1 and 2. The new satellites contain Automated Identification System (AIS) for locating ships.[429] The mission was originally scheduled to lift off in February but due to the landing failure of booster B1050, this flight was switched to B1051 (used on SpX-DM1) and delayed to allow refurbishment and transport to the West coast.[409] The booster landed safely through fog.[430] A payload cost of roughly $1 billion making this SpaceX's most expensive payload launched.[431]","A trio of satellites built for Canada's RADARSAT program which plans to replace the ageing RADARSAT-1 and 2. The new satellites contain Automated Identification System (AIS) for locating ships.[429] The mission was originally scheduled to lift off in February but due to the landing failure of booster B1050, this flight was switched to B1051 (used on SpX-DM1) and delayed to allow refurbishment and transport to the West coast.[409] The booster landed safely through fog.[430] A payload cost of roughly $1 billion making this SpaceX's most expensive payload launched.[431]","A trio of satellites built for Canada's RADARSAT program which plans to replace the ageing RADARSAT-1 and 2. The new satellites contain Automated Identification System (AIS) for locating ships.[429] The mission was originally scheduled to lift off in February but due to the landing failure of booster B1050, this flight was switched to B1051 (used on SpX-DM1) and delayed to allow refurbishment and transport to the West coast.[409] The booster landed safely through fog.[430] A payload cost of roughly $1 billion making this SpaceX's most expensive payload launched.[431]","A trio of satellites built for Canada's RADARSAT program which plans to replace the ageing RADARSAT-1 and 2. The new satellites contain Automated Identification System (AIS) for locating ships.[429] The mission was originally scheduled to lift off in February but due to the landing failure of booster B1050, this flight was switched to B1051 (used on SpX-DM1) and delayed to allow refurbishment and transport to the West coast.[409] The booster landed safely through fog.[430] A payload cost of roughly $1 billion making this SpaceX's most expensive payload launched.[431]","A trio of satellites built for Canada's RADARSAT program which plans to replace the ageing RADARSAT-1 and 2. The new satellites contain Automated Identification System (AIS) for locating ships.[429] The mission was originally scheduled to lift off in February but due to the landing failure of booster B1050, this flight was switched to B1051 (used on SpX-DM1) and delayed to allow refurbishment and transport to the West coast.[409] The booster landed safely through fog.[430] A payload cost of roughly $1 billion making this SpaceX's most expensive payload launched.[431]","A trio of satellites built for Canada's RADARSAT program which plans to replace the ageing RADARSAT-1 and 2. The new satellites contain Automated Identification System (AIS) for locating ships.[429] The mission was originally scheduled to lift off in February but due to the landing failure of booster B1050, this flight was switched to B1051 (used on SpX-DM1) and delayed to allow refurbishment and transport to the West coast.[409] The booster landed safely through fog.[430] A payload cost of roughly $1 billion making this SpaceX's most expensive payload launched.[431]"
FH 3,June 25, 2019,06:30,Falcon Heavy B1057 core[409],KSCLC-39A,Space Test Program Flight 2 (STP-2),"3,700 kg(8,200 lb)",LEO / MEO,U.S. Air Force,Success,Failure   (drone ship)
FH 3,"June 25, 2019,06:30,B1052.2 (side) ♺,KSCLC-39A,Space Test Program Flight 2 (STP-2),"3,700 kg(8,200 lb)",LEO / MEO,U.S. Air Force,Success,Success   (ground pad)
FH 3,June 25, 2019,06:30,B1053.2 (side) ♺,KSCLC-39A,Space Test Program Flight 2 (STP-2),"3,700 kg(8,200 lb)",LEO / MEO,U.S. Air Force,Success,Success   (ground pad)
FH 3,"USAF Space Test Program Flight 2 (STP-2)[74] carried 24 small satellites,[433] including: FormoSat-7 A/B/C/D/E/F integrated using EELV Secondary Payload Adapter,[434] DSX, Prox-1[435] GPIM,[436] DSAC,[437] ISAT, SET,[438] COSMIC-2, Oculus-ASR, OBT, NPSat,[439] and several CubeSats including E-TBEx,[440] LightSail 2,[441] TEPCE, PSAT, and three ELaNa 15 CubeSats. Total payload mass was 3,700 kg.[442] The mission lasted six hours during which the second stage ignited four times and went into different orbits to deploy satellites including a ""propulsive passivation maneuver"".[443][444] The side boosters from the Arabsat-6A mission just 2.5 months before were reused on this flight and successfully returned to LZ-1 and LZ-2.[409] The center core, in use for the first time, underwent the most energetic reentry attempted by SpaceX, and attempted a landing over 1,200 km (750 mi) downrange, 30% further than any previous landing.[445] This core suffered a thrust vector control failure in the center engine caused by a breach in the engine bay due to the extreme heat. The core thus failed its landing attempt on the drone ship Of Course I Still Love You due to lack of control when the outer engines shut down.[446] For the first time one fairing half was successfully landed on the catch-net of the support ship GO Ms. Tree (formerly Mr. Steven).[447]","USAF Space Test Program Flight 2 (STP-2)[74] carried 24 small satellites,[433] including: FormoSat-7 A/B/C/D/E/F integrated using EELV Secondary Payload Adapter,[434] DSX, Prox-1[435] GPIM,[436] DSAC,[437] ISAT, SET,[438] COSMIC-2, Oculus-ASR, OBT, NPSat,[439] and several CubeSats including E-TBEx,[440] LightSail 2,[441] TEPCE, PSAT, and three ELaNa 15 CubeSats. Total payload mass was 3,700 kg.[442] The mission lasted six hours during which the second stage ignited four times and went into different orbits to deploy satellites including a ""propulsive passivation maneuver"".[443][444] The side boosters from the Arabsat-6A mission just 2.5 months before were reused on this flight and successfully returned to LZ-1 and LZ-2.[409] The center core, in use for the first time, underwent the most energetic reentry attempted by SpaceX, and attempted a landing over 1,200 km (750 mi) downrange, 30% further than any previous landing.[445] This core suffered a thrust vector control failure in the center engine caused by a breach in the engine bay due to the extreme heat. The core thus failed its landing attempt on the drone ship Of Course I Still Love You due to lack of control when the outer engines shut down.[446] For the first time one fairing half was successfully landed on the catch-net of the support ship GO Ms. Tree (formerly Mr. Steven).[447]","USAF Space Test Program Flight 2 (STP-2)[74] carried 24 small satellites,[433] including: FormoSat-7 A/B/C/D/E/F integrated using EELV Secondary Payload Adapter,[434] DSX, Prox-1[435] GPIM,[436] DSAC,[437] ISAT, SET,[438] COSMIC-2, Oculus-ASR, OBT, NPSat,[439] and several CubeSats including E-TBEx,[440] LightSail 2,[441] TEPCE, PSAT, and three ELaNa 15 CubeSats. Total payload mass was 3,700 kg.[442] The mission lasted six hours during which the second stage ignited four times and went into different orbits to deploy satellites including a ""propulsive passivation maneuver"".[443][444] The side boosters from the Arabsat-6A mission just 2.5 months before were reused on this flight and successfully returned to LZ-1 and LZ-2.[409] The center core, in use for the first time, underwent the most energetic reentry attempted by SpaceX, and attempted a landing over 1,200 km (750 mi) downrange, 30% further than any previous landing.[445] This core suffered a thrust vector control failure in the center engine caused by a breach in the engine bay due to the extreme heat. The core thus failed its landing attempt on the drone ship Of Course I Still Love You due to lack of control when the outer engines shut down.[446] For the first time one fairing half was successfully landed on the catch-net of the support ship GO Ms. Tree (formerly Mr. Steven).[447]","USAF Space Test Program Flight 2 (STP-2)[74] carried 24 small satellites,[433] including: FormoSat-7 A/B/C/D/E/F integrated using EELV Secondary Payload Adapter,[434] DSX, Prox-1[435] GPIM,[436] DSAC,[437] ISAT, SET,[438] COSMIC-2, Oculus-ASR, OBT, NPSat,[439] and several CubeSats including E-TBEx,[440] LightSail 2,[441] TEPCE, PSAT, and three ELaNa 15 CubeSats. Total payload mass was 3,700 kg.[442] The mission lasted six hours during which the second stage ignited four times and went into different orbits to deploy satellites including a ""propulsive passivation maneuver"".[443][444] The side boosters from the Arabsat-6A mission just 2.5 months before were reused on this flight and successfully returned to LZ-1 and LZ-2.[409] The center core, in use for the first time, underwent the most energetic reentry attempted by SpaceX, and attempted a landing over 1,200 km (750 mi) downrange, 30% further than any previous landing.[445] This core suffered a thrust vector control failure in the center engine caused by a breach in the engine bay due to the extreme heat. The core thus failed its landing attempt on the drone ship Of Course I Still Love You due to lack of control when the outer engines shut down.[446] For the first time one fairing half was successfully landed on the catch-net of the support ship GO Ms. Tree (formerly Mr. Steven).[447]","USAF Space Test Program Flight 2 (STP-2)[74] carried 24 small satellites,[433] including: FormoSat-7 A/B/C/D/E/F integrated using EELV Secondary Payload Adapter,[434] DSX, Prox-1[435] GPIM,[436] DSAC,[437] ISAT, SET,[438] COSMIC-2, Oculus-ASR, OBT, NPSat,[439] and several CubeSats including E-TBEx,[440] LightSail 2,[441] TEPCE, PSAT, and three ELaNa 15 CubeSats. Total payload mass was 3,700 kg.[442] The mission lasted six hours during which the second stage ignited four times and went into different orbits to deploy satellites including a ""propulsive passivation maneuver"".[443][444] The side boosters from the Arabsat-6A mission just 2.5 months before were reused on this flight and successfully returned to LZ-1 and LZ-2.[409] The center core, in use for the first time, underwent the most energetic reentry attempted by SpaceX, and attempted a landing over 1,200 km (750 mi) downrange, 30% further than any previous landing.[445] This core suffered a thrust vector control failure in the center engine caused by a breach in the engine bay due to the extreme heat. The core thus failed its landing attempt on the drone ship Of Course I Still Love You due to lack of control when the outer engines shut down.[446] For the first time one fairing half was successfully landed on the catch-net of the support ship GO Ms. Tree (formerly Mr. Steven).[447]","USAF Space Test Program Flight 2 (STP-2)[74] carried 24 small satellites,[433] including: FormoSat-7 A/B/C/D/E/F integrated using EELV Secondary Payload Adapter,[434] DSX, Prox-1[435] GPIM,[436] DSAC,[437] ISAT, SET,[438] COSMIC-2, Oculus-ASR, OBT, NPSat,[439] and several CubeSats including E-TBEx,[440] LightSail 2,[441] TEPCE, PSAT, and three ELaNa 15 CubeSats. Total payload mass was 3,700 kg.[442] The mission lasted six hours during which the second stage ignited four times and went into different orbits to deploy satellites including a ""propulsive passivation maneuver"".[443][444] The side boosters from the Arabsat-6A mission just 2.5 months before were reused on this flight and successfully returned to LZ-1 and LZ-2.[409] The center core, in use for the first time, underwent the most energetic reentry attempted by SpaceX, and attempted a landing over 1,200 km (750 mi) downrange, 30% further than any previous landing.[445] This core suffered a thrust vector control failure in the center engine caused by a breach in the engine bay due to the extreme heat. The core thus failed its landing attempt on the drone ship Of Course I Still Love You due to lack of control when the outer engines shut down.[446] For the first time one fairing half was successfully landed on the catch-net of the support ship GO Ms. Tree (formerly Mr. Steven).[447]","USAF Space Test Program Flight 2 (STP-2)[74] carried 24 small satellites,[433] including: FormoSat-7 A/B/C/D/E/F integrated using EELV Secondary Payload Adapter,[434] DSX, Prox-1[435] GPIM,[436] DSAC,[437] ISAT, SET,[438] COSMIC-2, Oculus-ASR, OBT, NPSat,[439] and several CubeSats including E-TBEx,[440] LightSail 2,[441] TEPCE, PSAT, and three ELaNa 15 CubeSats. Total payload mass was 3,700 kg.[442] The mission lasted six hours during which the second stage ignited four times and went into different orbits to deploy satellites including a ""propulsive passivation maneuver"".[443][444] The side boosters from the Arabsat-6A mission just 2.5 months before were reused on this flight and successfully returned to LZ-1 and LZ-2.[409] The center core, in use for the first time, underwent the most energetic reentry attempted by SpaceX, and attempted a landing over 1,200 km (750 mi) downrange, 30% further than any previous landing.[445] This core suffered a thrust vector control failure in the center engine caused by a breach in the engine bay due to the extreme heat. The core thus failed its landing attempt on the drone ship Of Course I Still Love You due to lack of control when the outer engines shut down.[446] For the first time one fairing half was successfully landed on the catch-net of the support ship GO Ms. Tree (formerly Mr. Steven).[447]","USAF Space Test Program Flight 2 (STP-2)[74] carried 24 small satellites,[433] including: FormoSat-7 A/B/C/D/E/F integrated using EELV Secondary Payload Adapter,[434] DSX, Prox-1[435] GPIM,[436] DSAC,[437] ISAT, SET,[438] COSMIC-2, Oculus-ASR, OBT, NPSat,[439] and several CubeSats including E-TBEx,[440] LightSail 2,[441] TEPCE, PSAT, and three ELaNa 15 CubeSats. Total payload mass was 3,700 kg.[442] The mission lasted six hours during which the second stage ignited four times and went into different orbits to deploy satellites including a ""propulsive passivation maneuver"".[443][444] The side boosters from the Arabsat-6A mission just 2.5 months before were reused on this flight and successfully returned to LZ-1 and LZ-2.[409] The center core, in use for the first time, underwent the most energetic reentry attempted by SpaceX, and attempted a landing over 1,200 km (750 mi) downrange, 30% further than any previous landing.[445] This core suffered a thrust vector control failure in the center engine caused by a breach in the engine bay due to the extreme heat. The core thus failed its landing attempt on the drone ship Of Course I Still Love You due to lack of control when the outer engines shut down.[446] For the first time one fairing half was successfully landed on the catch-net of the support ship GO Ms. Tree (formerly Mr. Steven).[447]","USAF Space Test Program Flight 2 (STP-2)[74] carried 24 small satellites,[433] including: FormoSat-7 A/B/C/D/E/F integrated using EELV Secondary Payload Adapter,[434] DSX, Prox-1[435] GPIM,[436] DSAC,[437] ISAT, SET,[438] COSMIC-2, Oculus-ASR, OBT, NPSat,[439] and several CubeSats including E-TBEx,[440] LightSail 2,[441] TEPCE, PSAT, and three ELaNa 15 CubeSats. Total payload mass was 3,700 kg.[442] The mission lasted six hours during which the second stage ignited four times and went into different orbits to deploy satellites including a ""propulsive passivation maneuver"".[443][444] The side boosters from the Arabsat-6A mission just 2.5 months before were reused on this flight and successfully returned to LZ-1 and LZ-2.[409] The center core, in use for the first time, underwent the most energetic reentry attempted by SpaceX, and attempted a landing over 1,200 km (750 mi) downrange, 30% further than any previous landing.[445] This core suffered a thrust vector control failure in the center engine caused by a breach in the engine bay due to the extreme heat. The core thus failed its landing attempt on the drone ship Of Course I Still Love You due to lack of control when the outer engines shut down.[446] For the first time one fairing half was successfully landed on the catch-net of the support ship GO Ms. Tree (formerly Mr. Steven).[447]"

